{
  "solution_id": "d0e91ccc-8c02-4bb0-87f2-1119678901da",
  "model_type": "2S1L",
  "bands": [
    "0"
  ],
  "higher_order_effects": [],
  "t_ref": null,
  "parameters": {
    "t0": 2462920.716809934,
    "u0": 0.14142289022645044,
    "tE": 10.457175548537808,
    "t0_source2": 2462936.6344194165,
    "u0_source2": 0.5681189728296923,
    "flux_ratio": 1.1667045669437568,
    "F0_S1": 0.12537026087931932,
    "F0_S2": 0.14627005592683207,
    "F0_B": 14.61442728237867
  },
  "is_active": true,
  "alias": "BSPL__results_optax_results",
  "compute_info": {},
  "hardware_info": null,
  "posterior_path": null,
  "lightcurve_plot_path": null,
  "lens_plane_plot_path": null,
  "notes_path": "events/RMDC26_000153/solutions/d0e91ccc-8c02-4bb0-87f2-1119678901da.md",
  "used_astrometry": false,
  "used_postage_stamps": false,
  "limb_darkening_model": null,
  "limb_darkening_coeffs": null,
  "parameter_uncertainties": {
    "t0": 0.017162863132836357,
    "t0_source2": 0.2119068580595922,
    "tE": 1.444696708005016,
    "u0": 0.02201589777640768,
    "u0_source2": 0.11214984573914301,
    "flux_ratio": 0.19078463099299373,
    "F0_B": 0.05581573152973534,
    "F0_S1": 0.021173325499461396,
    "F0_S2": 0.04091602457904658
  },
  "uncertainty_method": "fisher_matrix",
  "confidence_level": 0.68,
  "physical_parameters": null,
  "physical_parameter_uncertainties": null,
  "log_likelihood": -1764.2871096460321,
  "relative_probability": 1.0,
  "n_data_points": 3421,
  "creation_timestamp": "2026-06-27T02:49:45.216329"
}