{
  "solution_id": "effba4d4-62ce-4bf8-b726-5ef5f8820b91",
  "model_type": "1S1L",
  "bands": [
    "0"
  ],
  "higher_order_effects": [
    "finite-source"
  ],
  "t_ref": null,
  "parameters": {
    "t0": 2461628.2908217157,
    "u0": 0.4491088964923453,
    "tE": 14.12186635273079,
    "rho": 0.5627109860943291,
    "F0_S": 0.2815642230270433,
    "F0_B": 12.402228108388837
  },
  "is_active": true,
  "alias": "FSPL__results_optax_results",
  "compute_info": {},
  "hardware_info": null,
  "posterior_path": null,
  "lightcurve_plot_path": null,
  "lens_plane_plot_path": null,
  "notes_path": "events/RMDC26_000086/solutions/effba4d4-62ce-4bf8-b726-5ef5f8820b91.md",
  "used_astrometry": false,
  "used_postage_stamps": false,
  "limb_darkening_model": null,
  "limb_darkening_coeffs": null,
  "parameter_uncertainties": {
    "t0": 1.396046510260592,
    "tE": 1.6018818250545672,
    "u0": 0.04415718837315558,
    "rho": 0.01619897424217014,
    "F0_S": 0.0285221972107302,
    "F0_B": 0.030248943851320195
  },
  "uncertainty_method": "fisher_matrix",
  "confidence_level": 0.68,
  "physical_parameters": null,
  "physical_parameter_uncertainties": null,
  "log_likelihood": -996.0197642637224,
  "relative_probability": 0.6765418364117987,
  "n_data_points": 1985,
  "creation_timestamp": "2026-06-27T02:49:44.523072"
}