{
  "solution_id": "cb368429-fbe6-48a8-a676-0bdc375d6936",
  "model_type": "2S1L",
  "bands": [
    "0"
  ],
  "higher_order_effects": [],
  "t_ref": null,
  "parameters": {
    "t0": 2462933.4153155894,
    "u0": -0.13837148695499524,
    "tE": 6.162674946426873,
    "t0_source2": 2462918.2763831005,
    "u0_source2": -0.5826725028749479,
    "flux_ratio": 1.0400473630983595,
    "F0_S1": 0.12062820324045685,
    "F0_S2": 0.12545904469553015,
    "F0_B": 6.5952443787024
  },
  "is_active": true,
  "alias": "BSPL__results_optax_results",
  "compute_info": {},
  "hardware_info": null,
  "posterior_path": null,
  "lightcurve_plot_path": null,
  "lens_plane_plot_path": null,
  "notes_path": "events/RMDC26_000172/solutions/cb368429-fbe6-48a8-a676-0bdc375d6936.md",
  "used_astrometry": false,
  "used_postage_stamps": false,
  "limb_darkening_model": null,
  "limb_darkening_coeffs": null,
  "parameter_uncertainties": {
    "t0": 74.74371207395066,
    "t0_source2": 2287.1819905850507,
    "tE": 49904.29205592535,
    "u0": 1549.4331949332131,
    "u0_source2": 5762.319182238751,
    "flux_ratio": 5583.567971338949,
    "F0_B": 3741.9858387094973,
    "F0_S1": 1505.5961367349344,
    "F0_S2": 2226.714263482143
  },
  "uncertainty_method": "fisher_matrix",
  "confidence_level": 0.68,
  "physical_parameters": null,
  "physical_parameter_uncertainties": null,
  "log_likelihood": -16130.421898927278,
  "relative_probability": 1.0,
  "n_data_points": 32119,
  "creation_timestamp": "2026-06-27T02:49:45.376235"
}