{
  "solution_id": "275b4bf2-fb89-46cd-8dc8-96d2853033a2",
  "model_type": "2S1L",
  "bands": [
    "0"
  ],
  "higher_order_effects": [],
  "t_ref": null,
  "parameters": {
    "t0": 2461516.2040757975,
    "u0": 1.064146204053332,
    "tE": 10.027463065903044,
    "t0_source2": 2461503.137100486,
    "u0_source2": 1.4106777529590087,
    "flux_ratio": 0.05595444346792808,
    "F0_S1": 25.417025147385985,
    "F0_S2": 1.4221954967323156,
    "F0_B": -5.73397157448154
  },
  "is_active": true,
  "alias": "BSPL__results_optax_results",
  "compute_info": {},
  "hardware_info": null,
  "posterior_path": null,
  "lightcurve_plot_path": null,
  "lens_plane_plot_path": null,
  "notes_path": "events/RMDC26_000056/solutions/275b4bf2-fb89-46cd-8dc8-96d2853033a2.md",
  "used_astrometry": false,
  "used_postage_stamps": false,
  "limb_darkening_model": null,
  "limb_darkening_coeffs": null,
  "parameter_uncertainties": {
    "t0": 712.6933566654775,
    "t0_source2": 75742.99943711194,
    "tE": 16803.813512501154,
    "u0": 79.84347594650897,
    "u0_source2": 11746.55962371329,
    "flux_ratio": 859.5488151386213,
    "F0_B": 4924.437517990009,
    "F0_S1": 15429.979335344462,
    "F0_S2": 370050.525402247
  },
  "uncertainty_method": "fisher_matrix",
  "confidence_level": 0.68,
  "physical_parameters": null,
  "physical_parameter_uncertainties": null,
  "log_likelihood": -3381.982157603298,
  "relative_probability": 1.0,
  "n_data_points": 6118,
  "creation_timestamp": "2026-06-27T02:49:44.144350"
}