{
  "solution_id": "eb6e1dd2-faf8-445c-ac15-6a763097e967",
  "model_type": "1S1L",
  "bands": [
    "0"
  ],
  "higher_order_effects": [
    "finite-source"
  ],
  "t_ref": null,
  "parameters": {
    "t0": 2461843.5567235486,
    "u0": -0.014428927817093368,
    "tE": 54.67951068637061,
    "rho": 0.0009561331065366723,
    "F0_S": 0.10051210811805233,
    "F0_B": 3.6279940948832805
  },
  "is_active": true,
  "alias": "FSPL__results_optax_results",
  "compute_info": {},
  "hardware_info": null,
  "posterior_path": null,
  "lightcurve_plot_path": null,
  "lens_plane_plot_path": null,
  "notes_path": "events/RMDC26_000169/solutions/eb6e1dd2-faf8-445c-ac15-6a763097e967.md",
  "used_astrometry": false,
  "used_postage_stamps": false,
  "limb_darkening_model": null,
  "limb_darkening_coeffs": null,
  "parameter_uncertainties": {
    "t0": 0.11441778798059442,
    "tE": 0.8875346174103059,
    "u0": 1.093326971524762,
    "rho": 66.10780886373117,
    "F0_S": 0.0016623490531340007,
    "F0_B": 0.0011622188497285321
  },
  "uncertainty_method": "fisher_matrix",
  "confidence_level": 0.68,
  "physical_parameters": null,
  "physical_parameter_uncertainties": null,
  "log_likelihood": -4099.249696657725,
  "relative_probability": 1.0,
  "n_data_points": 7721,
  "creation_timestamp": "2026-06-27T02:49:45.341571"
}