{
  "solution_id": "d6270bd3-2d3a-48f8-b1da-f559734fb66f",
  "model_type": "1S1L",
  "bands": [
    "0"
  ],
  "higher_order_effects": [
    "finite-source"
  ],
  "t_ref": null,
  "parameters": {
    "t0": 2462973.687658099,
    "u0": -0.004619303419034013,
    "tE": 45.455860179220366,
    "rho": 0.0010217041295079595,
    "F0_S": 0.07860846210975656,
    "F0_B": 6.6500144597701
  },
  "is_active": true,
  "alias": "FSPL__results_optax_results",
  "compute_info": {},
  "hardware_info": null,
  "posterior_path": null,
  "lightcurve_plot_path": null,
  "lens_plane_plot_path": null,
  "notes_path": "events/RMDC26_000102/solutions/d6270bd3-2d3a-48f8-b1da-f559734fb66f.md",
  "used_astrometry": false,
  "used_postage_stamps": false,
  "limb_darkening_model": null,
  "limb_darkening_coeffs": null,
  "parameter_uncertainties": {
    "t0": 0.0003622530176354439,
    "tE": 1.8814214978357642,
    "u0": 0.00019072496593665474,
    "rho": 0.0001554969556083154,
    "F0_S": 0.0032852864682586863,
    "F0_B": 0.001571281990952291
  },
  "uncertainty_method": "fisher_matrix",
  "confidence_level": 0.68,
  "physical_parameters": null,
  "physical_parameter_uncertainties": null,
  "log_likelihood": -2729.933238255069,
  "relative_probability": 0.7288373111914644,
  "n_data_points": 4738,
  "creation_timestamp": "2026-06-27T02:49:44.655157"
}