{
  "solution_id": "164a552b-c44b-4cd4-b53d-5d8bfcb29bcd",
  "model_type": "1S1L",
  "bands": [
    "0"
  ],
  "higher_order_effects": [],
  "t_ref": null,
  "parameters": {
    "t0": 2463136.9461702714,
    "u0": 0.005152199219370096,
    "tE": 7.526709087553762,
    "F0_S": 0.15026367271312155,
    "F0_B": 1.5446393320723113
  },
  "is_active": true,
  "alias": "PSPL__results_optax_results",
  "compute_info": {},
  "hardware_info": null,
  "posterior_path": null,
  "lightcurve_plot_path": null,
  "lens_plane_plot_path": null,
  "notes_path": "events/RMDC26_000009/solutions/164a552b-c44b-4cd4-b53d-5d8bfcb29bcd.md",
  "used_astrometry": false,
  "used_postage_stamps": false,
  "limb_darkening_model": null,
  "limb_darkening_coeffs": null,
  "parameter_uncertainties": {
    "t0": 0.00007685222072013957,
    "tE": 0.13248628727383277,
    "u0": 0.0000935841714010109,
    "F0_S": 0.002711259236197824,
    "F0_B": 0.0017090099143353373
  },
  "uncertainty_method": "fisher_matrix",
  "confidence_level": 0.68,
  "physical_parameters": null,
  "physical_parameter_uncertainties": null,
  "log_likelihood": -4729.203946974171,
  "relative_probability": 1.0,
  "n_data_points": 2615,
  "creation_timestamp": "2026-06-27T02:49:43.569318"
}