{
  "solution_id": "21a70984-def6-4cc5-9d14-e167d1ed3a5e",
  "model_type": "2S1L",
  "bands": [
    "0"
  ],
  "higher_order_effects": [],
  "t_ref": null,
  "parameters": {
    "t0": 2462793.8243548763,
    "u0": 0.12018033708698785,
    "tE": 25.096916592865433,
    "t0_source2": 2462799.6056338246,
    "u0_source2": 0.22114191762734214,
    "flux_ratio": 1.1253798739809107,
    "F0_S1": 0.1611176202838354,
    "F0_S2": 0.1813185272111269,
    "F0_B": 3.5034487145355975
  },
  "is_active": true,
  "alias": "BSPL__results_optax_results",
  "compute_info": {},
  "hardware_info": null,
  "posterior_path": null,
  "lightcurve_plot_path": null,
  "lens_plane_plot_path": null,
  "notes_path": "events/RMDC26_000165/solutions/21a70984-def6-4cc5-9d14-e167d1ed3a5e.md",
  "used_astrometry": false,
  "used_postage_stamps": false,
  "limb_darkening_model": null,
  "limb_darkening_coeffs": null,
  "parameter_uncertainties": {
    "t0": 4201.251128477059,
    "t0_source2": 31955.035473146516,
    "tE": 187073.19254248054,
    "u0": 1043.8719149820088,
    "u0_source2": 3381.8991123098413,
    "flux_ratio": 8946.841116972071,
    "F0_B": 4409.074757970662,
    "F0_S1": 1584.2716856137897,
    "F0_S2": 3148.8389690977674
  },
  "uncertainty_method": "fisher_matrix",
  "confidence_level": 0.68,
  "physical_parameters": null,
  "physical_parameter_uncertainties": null,
  "log_likelihood": -2260.2594048642713,
  "relative_probability": 1.0,
  "n_data_points": 4708,
  "creation_timestamp": "2026-06-27T02:49:45.313915"
}