{
  "solution_id": "3acbda45-87dd-4fbc-9efe-cc37b880208d",
  "model_type": "1S1L",
  "bands": [
    "0"
  ],
  "higher_order_effects": [],
  "t_ref": null,
  "parameters": {
    "t0": 2461860.8341383142,
    "u0": 0.6426838307220033,
    "tE": 23.29953615355243,
    "F0_S": 4.629552778821064,
    "F0_B": 5.9022681521873075
  },
  "is_active": true,
  "alias": "PSPL__results_optax_results",
  "compute_info": {},
  "hardware_info": null,
  "posterior_path": null,
  "lightcurve_plot_path": null,
  "lens_plane_plot_path": null,
  "notes_path": "events/RMDC26_000123/solutions/3acbda45-87dd-4fbc-9efe-cc37b880208d.md",
  "used_astrometry": false,
  "used_postage_stamps": false,
  "limb_darkening_model": null,
  "limb_darkening_coeffs": null,
  "parameter_uncertainties": {
    "t0": 0.01310357301662899,
    "tE": 0.2968348218100076,
    "u0": 0.010953151958982147,
    "F0_S": 0.12916719515359132,
    "F0_B": 0.12584910952048212
  },
  "uncertainty_method": "fisher_matrix",
  "confidence_level": 0.68,
  "physical_parameters": null,
  "physical_parameter_uncertainties": null,
  "log_likelihood": -4074.9832930490097,
  "relative_probability": 0.41591182353612005,
  "n_data_points": 7723,
  "creation_timestamp": "2026-06-27T02:49:44.910731"
}