{
  "solution_id": "f02c35fe-4dc6-496a-b79d-fb608acdf70d",
  "model_type": "1S1L",
  "bands": [
    "0"
  ],
  "higher_order_effects": [
    "parallax"
  ],
  "t_ref": 2461860.849135583,
  "parameters": {
    "t0": 2461860.849135583,
    "u0": -0.6480502851068412,
    "tE": 23.16453546276619,
    "piEN": -0.00956426667378744,
    "piEE": -0.02755463363608971,
    "t_ref": 2461860.849135583,
    "F0_S": 4.698597250959066,
    "F0_B": 5.830604821972203
  },
  "is_active": true,
  "alias": "PSPL_plus_Parallax_minus_u0__results_optax_results",
  "compute_info": {},
  "hardware_info": null,
  "posterior_path": null,
  "lightcurve_plot_path": null,
  "lens_plane_plot_path": null,
  "notes_path": "events/RMDC26_000123/solutions/f02c35fe-4dc6-496a-b79d-fb608acdf70d.md",
  "used_astrometry": false,
  "used_postage_stamps": false,
  "limb_darkening_model": null,
  "limb_darkening_coeffs": null,
  "parameter_uncertainties": {
    "t0": 0.020484896892675578,
    "tE": 0.33664973829432,
    "u0": 0.011023377012831572,
    "piEN": 0.14495136262790445,
    "piEE": 0.02949933243125478,
    "F0_S": 0.13161036768852852,
    "F0_B": 0.1287175517265444
  },
  "uncertainty_method": "fisher_matrix",
  "confidence_level": 0.68,
  "physical_parameters": null,
  "physical_parameter_uncertainties": null,
  "log_likelihood": -4073.3386872850456,
  "relative_probability": 0.29151137843310937,
  "n_data_points": 7723,
  "creation_timestamp": "2026-06-27T02:49:44.924703"
}