{
  "solution_id": "4329e7f4-7d22-4758-a6ab-45f24a504a3f",
  "model_type": "2S1L",
  "bands": [
    "0"
  ],
  "higher_order_effects": [],
  "t_ref": null,
  "parameters": {
    "t0": 2461821.8380820896,
    "u0": 0.367880331735386,
    "tE": 22.137081742938726,
    "t0_source2": 2461825.3933791574,
    "u0_source2": 1.655118374246286,
    "flux_ratio": 0.18018413760631571,
    "F0_S1": 8.259610161272777,
    "F0_S2": 1.4882507338732975,
    "F0_B": 1.7914750913644517
  },
  "is_active": true,
  "alias": "BSPL__results_optax_results",
  "compute_info": {},
  "hardware_info": null,
  "posterior_path": null,
  "lightcurve_plot_path": null,
  "lens_plane_plot_path": null,
  "notes_path": "events/RMDC26_000007/solutions/4329e7f4-7d22-4758-a6ab-45f24a504a3f.md",
  "used_astrometry": false,
  "used_postage_stamps": false,
  "limb_darkening_model": null,
  "limb_darkening_coeffs": null,
  "parameter_uncertainties": {
    "t0": 396.62513095009035,
    "t0_source2": 405700.080728283,
    "tE": 4065.4691794133655,
    "u0": 15.57855375435484,
    "u0_source2": 16236.841364030299,
    "flux_ratio": 508.207280936827,
    "F0_B": 44.88885408060533,
    "F0_S1": 3224.561981219396,
    "F0_S2": 19799.258161093247
  },
  "uncertainty_method": "fisher_matrix",
  "confidence_level": 0.68,
  "physical_parameters": null,
  "physical_parameter_uncertainties": null,
  "log_likelihood": -4585.47605588758,
  "relative_probability": 1.0,
  "n_data_points": 7722,
  "creation_timestamp": "2026-06-27T02:49:43.554666"
}