{
  "solution_id": "56b09171-2722-4aa1-afa2-2958fe8290be",
  "model_type": "1S1L",
  "bands": [
    "0"
  ],
  "higher_order_effects": [],
  "t_ref": null,
  "parameters": {
    "t0": 2463118.642357434,
    "u0": 0.09743432319773773,
    "tE": 78.82181036768657,
    "F0_S": 0.01959032353762911,
    "F0_B": 3.6052468798982527
  },
  "is_active": true,
  "alias": "PSPL__results_optax_results",
  "compute_info": {},
  "hardware_info": null,
  "posterior_path": null,
  "lightcurve_plot_path": null,
  "lens_plane_plot_path": null,
  "notes_path": "events/RMDC26_000112/solutions/56b09171-2722-4aa1-afa2-2958fe8290be.md",
  "used_astrometry": false,
  "used_postage_stamps": false,
  "limb_darkening_model": null,
  "limb_darkening_coeffs": null,
  "parameter_uncertainties": {
    "t0": 6138.389660622106,
    "tE": 2595081.090865825,
    "u0": 5780.670099024934,
    "F0_S": 1505.728165408713,
    "F0_B": 4030.054338138393
  },
  "uncertainty_method": "fisher_matrix",
  "confidence_level": 0.68,
  "physical_parameters": null,
  "physical_parameter_uncertainties": null,
  "log_likelihood": -2164.574201963652,
  "relative_probability": 1.0,
  "n_data_points": 3923,
  "creation_timestamp": "2026-06-27T02:49:44.780503"
}