{
  "solution_id": "06a8780a-9080-481f-864f-bda31ec2f2cf",
  "model_type": "1S1L",
  "bands": [
    "0"
  ],
  "higher_order_effects": [
    "finite-source"
  ],
  "t_ref": null,
  "parameters": {
    "t0": 2461649.638085059,
    "u0": 0.48048806021438456,
    "tE": 13.300965688465432,
    "rho": 0.0009863621679719991,
    "F0_S": 1.8849016294199048,
    "F0_B": 37.58196604120965
  },
  "is_active": true,
  "alias": "FSPL__results_optax_results",
  "compute_info": {},
  "hardware_info": null,
  "posterior_path": null,
  "lightcurve_plot_path": null,
  "lens_plane_plot_path": null,
  "notes_path": "events/RMDC26_000170/solutions/06a8780a-9080-481f-864f-bda31ec2f2cf.md",
  "used_astrometry": false,
  "used_postage_stamps": false,
  "limb_darkening_model": null,
  "limb_darkening_coeffs": null,
  "parameter_uncertainties": {
    "t0": 63.18313935406937,
    "tE": 63420.937166216245,
    "u0": 3093.8803001334027,
    "rho": 0.02182308989516207,
    "F0_S": 17690.41466121223,
    "F0_B": 16957.355184185504
  },
  "uncertainty_method": "fisher_matrix",
  "confidence_level": 0.68,
  "physical_parameters": null,
  "physical_parameter_uncertainties": null,
  "log_likelihood": -3468.081036404771,
  "relative_probability": 0.269772447511384,
  "n_data_points": 5222,
  "creation_timestamp": "2026-06-27T02:49:45.355836"
}