{
  "solution_id": "20ecee22-5992-4c0b-8a1e-a530b78ec6f3",
  "model_type": "2S1L",
  "bands": [
    "0"
  ],
  "higher_order_effects": [],
  "t_ref": null,
  "parameters": {
    "t0": 2461661.5602715877,
    "u0": 0.017390645396597862,
    "tE": 345.59083638209495,
    "t0_source2": 2461656.017855373,
    "u0_source2": 0.08853425925759745,
    "flux_ratio": 20.988666568860392,
    "F0_S1": 0.0005187698249843603,
    "F0_S2": 0.010888286882582799,
    "F0_B": 3.9877510025967453
  },
  "is_active": true,
  "alias": "BSPL__results_optax_results",
  "compute_info": {},
  "hardware_info": null,
  "posterior_path": null,
  "lightcurve_plot_path": null,
  "lens_plane_plot_path": null,
  "notes_path": "events/RMDC26_000024/solutions/20ecee22-5992-4c0b-8a1e-a530b78ec6f3.md",
  "used_astrometry": false,
  "used_postage_stamps": false,
  "limb_darkening_model": null,
  "limb_darkening_coeffs": null,
  "parameter_uncertainties": {
    "t0": 111672.73037952745,
    "t0_source2": 706141.0429890732,
    "tE": 19545724.9676872,
    "u0": 2107.2649637694817,
    "u0_source2": 9747.436224994326,
    "flux_ratio": 94973.3243004882,
    "F0_B": 11480.354731989051,
    "F0_S1": 90.36518535962763,
    "F0_S2": 1903.2411606408828
  },
  "uncertainty_method": "fisher_matrix",
  "confidence_level": 0.68,
  "physical_parameters": null,
  "physical_parameter_uncertainties": null,
  "log_likelihood": -4340.239151560662,
  "relative_probability": 1.0,
  "n_data_points": 7295,
  "creation_timestamp": "2026-06-27T02:49:43.735008"
}