{
  "solution_id": "17ce7078-e48c-4f5a-accb-8745fd7d4c78",
  "model_type": "2S1L",
  "bands": [
    "0"
  ],
  "higher_order_effects": [],
  "t_ref": null,
  "parameters": {
    "t0": 2461682.7690403867,
    "u0": 0.12895895807418592,
    "tE": 5.626279640321766,
    "t0_source2": 2461682.5156037393,
    "u0_source2": 0.28740446502730244,
    "flux_ratio": 0.4003298038747527,
    "F0_S1": 0.08155476942604556,
    "F0_S2": 0.0326488048493795,
    "F0_B": 1.4719255812937637
  },
  "is_active": true,
  "alias": "BSPL__results_optax_results",
  "compute_info": {},
  "hardware_info": null,
  "posterior_path": null,
  "lightcurve_plot_path": null,
  "lens_plane_plot_path": null,
  "notes_path": "events/RMDC26_000079/solutions/17ce7078-e48c-4f5a-accb-8745fd7d4c78.md",
  "used_astrometry": false,
  "used_postage_stamps": false,
  "limb_darkening_model": null,
  "limb_darkening_coeffs": null,
  "parameter_uncertainties": {
    "t0": 28.260765616834156,
    "t0_source2": 5230.451801205474,
    "tE": 76581.79215358723,
    "u0": 2009.3472296476514,
    "u0_source2": 5417.895521033771,
    "flux_ratio": 3917.579753347669,
    "F0_B": 1506.7405451831764,
    "F0_S1": 1427.6858165151743,
    "F0_S2": 835.0225154493627
  },
  "uncertainty_method": "fisher_matrix",
  "confidence_level": 0.68,
  "physical_parameters": null,
  "physical_parameter_uncertainties": null,
  "log_likelihood": -737.2434792306748,
  "relative_probability": 0.21395748883925644,
  "n_data_points": 1417,
  "creation_timestamp": "2026-06-27T02:49:44.419367"
}