{
  "solution_id": "804b3c94-98df-4a1d-baa9-b4a3f98bcd99",
  "model_type": "1S1L",
  "bands": [
    "0"
  ],
  "higher_order_effects": [
    "finite-source"
  ],
  "t_ref": null,
  "parameters": {
    "t0": 2463103.760910066,
    "u0": 2.0372186818799425,
    "tE": 27.758124087772966,
    "rho": 0.0010360686444896923,
    "F0_S": 0.6096441189228834,
    "F0_B": 2.541473000730462
  },
  "is_active": true,
  "alias": "FSPL__results_optax_results",
  "compute_info": {},
  "hardware_info": null,
  "posterior_path": null,
  "lightcurve_plot_path": null,
  "lens_plane_plot_path": null,
  "notes_path": "events/RMDC26_000077/solutions/804b3c94-98df-4a1d-baa9-b4a3f98bcd99.md",
  "used_astrometry": false,
  "used_postage_stamps": false,
  "limb_darkening_model": null,
  "limb_darkening_coeffs": null,
  "parameter_uncertainties": {
    "t0": 96258.85149698185,
    "tE": 340316.36767675,
    "u0": 12612.186067120794,
    "rho": 0.1720271737653977,
    "F0_S": 6402.260767121875,
    "F0_B": 6086.183290909065
  },
  "uncertainty_method": "fisher_matrix",
  "confidence_level": 0.68,
  "physical_parameters": null,
  "physical_parameter_uncertainties": null,
  "log_likelihood": -3589.2595392043213,
  "relative_probability": 0.2696097111011459,
  "n_data_points": 7146,
  "creation_timestamp": "2026-06-27T02:49:44.389858"
}