{
  "solution_id": "2247c81c-2d51-4656-8221-6283119ce032",
  "model_type": "2S1L",
  "bands": [
    "0"
  ],
  "higher_order_effects": [],
  "t_ref": null,
  "parameters": {
    "t0": 2462957.963695682,
    "u0": 0.10653938113192724,
    "tE": 19.631284330647752,
    "t0_source2": 2462956.2858761474,
    "u0_source2": 0.3450888016748244,
    "flux_ratio": 3.9316826254006623,
    "F0_S1": 0.08456393895684623,
    "F0_S2": 0.33247856953207455,
    "F0_B": 2.1112860557087663
  },
  "is_active": true,
  "alias": "BSPL__results_optax_results",
  "compute_info": {},
  "hardware_info": null,
  "posterior_path": null,
  "lightcurve_plot_path": null,
  "lens_plane_plot_path": null,
  "notes_path": "events/RMDC26_000137/solutions/2247c81c-2d51-4656-8221-6283119ce032.md",
  "used_astrometry": false,
  "used_postage_stamps": false,
  "limb_darkening_model": null,
  "limb_darkening_coeffs": null,
  "parameter_uncertainties": {
    "t0": 2537.095555076249,
    "t0_source2": 220.51508452704778,
    "tE": 182196.5101521072,
    "u0": 1081.02200725634,
    "u0_source2": 4738.454942983074,
    "flux_ratio": 19042.453921819324,
    "F0_B": 6070.9614328802245,
    "F0_S1": 1018.8733750834502,
    "F0_S2": 5372.718270160017
  },
  "uncertainty_method": "fisher_matrix",
  "confidence_level": 0.68,
  "physical_parameters": null,
  "physical_parameter_uncertainties": null,
  "log_likelihood": -3006.449574826919,
  "relative_probability": 1.0,
  "n_data_points": 5922,
  "creation_timestamp": "2026-06-27T02:49:45.076640"
}