{
  "solution_id": "f0280d75-4ae9-438a-a7f4-fe58ddc8f2bf",
  "model_type": "2S1L",
  "bands": [
    "0"
  ],
  "higher_order_effects": [],
  "t_ref": null,
  "parameters": {
    "t0": 2461841.164663403,
    "u0": 0.061002618832286436,
    "tE": 2.8530445866940055,
    "t0_source2": 2461841.4259718615,
    "u0_source2": 0.28080302778068295,
    "flux_ratio": 0.2048932993601623,
    "F0_S1": 2.6202109825121767,
    "F0_S2": 0.5368636732266524,
    "F0_B": 11.890486865595978
  },
  "is_active": true,
  "alias": "BSPL__results_optax_results",
  "compute_info": {},
  "hardware_info": null,
  "posterior_path": null,
  "lightcurve_plot_path": null,
  "lens_plane_plot_path": null,
  "notes_path": "events/RMDC26_000030/solutions/f0280d75-4ae9-438a-a7f4-fe58ddc8f2bf.md",
  "used_astrometry": false,
  "used_postage_stamps": false,
  "limb_darkening_model": null,
  "limb_darkening_coeffs": null,
  "parameter_uncertainties": {
    "t0": 0.00018600725042380764,
    "t0_source2": 0.008562188483951018,
    "tE": 0.007830942200515565,
    "u0": 0.0001998581195577925,
    "u0_source2": 0.005702548472276959,
    "flux_ratio": 0.002104907770678051,
    "F0_B": 0.009471794078314718,
    "F0_S1": 0.009044180125974835,
    "F0_S2": 0.02264367237702205
  },
  "uncertainty_method": "fisher_matrix",
  "confidence_level": 0.68,
  "physical_parameters": null,
  "physical_parameter_uncertainties": null,
  "log_likelihood": -7327.283034601049,
  "relative_probability": 1.0,
  "n_data_points": 2040,
  "creation_timestamp": "2026-06-27T02:49:43.837364"
}