{
  "solution_id": "7278057b-4b40-4432-b293-a9606d3e1848",
  "model_type": "2S1L",
  "bands": [
    "0"
  ],
  "higher_order_effects": [],
  "t_ref": null,
  "parameters": {
    "t0": 2461822.346791003,
    "u0": 0.15762963879144246,
    "tE": 55.25731316861866,
    "t0_source2": 2461839.25613944,
    "u0_source2": 0.09112534301328096,
    "flux_ratio": 0.058250937704125136,
    "F0_S1": 2.300062233811423,
    "F0_S2": 0.13398078189736012,
    "F0_B": 3.8107464801615483
  },
  "is_active": true,
  "alias": "BSPL__results_optax_results",
  "compute_info": {},
  "hardware_info": null,
  "posterior_path": null,
  "lightcurve_plot_path": null,
  "lens_plane_plot_path": null,
  "notes_path": "events/RMDC26_000177/solutions/7278057b-4b40-4432-b293-a9606d3e1848.md",
  "used_astrometry": false,
  "used_postage_stamps": false,
  "limb_darkening_model": null,
  "limb_darkening_coeffs": null,
  "parameter_uncertainties": {
    "t0": 0.010087291196494052,
    "t0_source2": 0.053688625904095434,
    "tE": 0.3223022138409084,
    "u0": 0.0011746199882898343,
    "u0_source2": 0.0019348109913713287,
    "flux_ratio": 0.001637361327989486,
    "F0_B": 0.019433507908391615,
    "F0_S1": 0.019348106791047964,
    "F0_S2": 0.06118459004667181
  },
  "uncertainty_method": "fisher_matrix",
  "confidence_level": 0.68,
  "physical_parameters": null,
  "physical_parameter_uncertainties": null,
  "log_likelihood": -9142.441052281281,
  "relative_probability": 1.0,
  "n_data_points": 15237,
  "creation_timestamp": "2026-06-27T02:49:45.431870"
}