{
  "solution_id": "3a1f433f-66bb-40b9-9a8b-04e8745faeeb",
  "model_type": "2S1L",
  "bands": [
    "0"
  ],
  "higher_order_effects": [],
  "t_ref": null,
  "parameters": {
    "t0": 2462772.859042316,
    "u0": -0.3042783698335656,
    "tE": 10.585812915482553,
    "t0_source2": 2462773.452021788,
    "u0_source2": 0.005489374837021336,
    "flux_ratio": 1.4591375279936392,
    "F0_S1": 0.14256716837527103,
    "F0_S2": 0.2080251056361459,
    "F0_B": 4.751789209515985
  },
  "is_active": true,
  "alias": "BSPL__results_optax_results",
  "compute_info": {},
  "hardware_info": null,
  "posterior_path": null,
  "lightcurve_plot_path": null,
  "lens_plane_plot_path": null,
  "notes_path": "events/RMDC26_000146/solutions/3a1f433f-66bb-40b9-9a8b-04e8745faeeb.md",
  "used_astrometry": false,
  "used_postage_stamps": false,
  "limb_darkening_model": null,
  "limb_darkening_coeffs": null,
  "parameter_uncertainties": {
    "t0": 0.04415955130812543,
    "t0_source2": 0.00012345310070758912,
    "tE": 0.0883827743487193,
    "u0": 0.005116837701190215,
    "u0_source2": 0.000044799222889619734,
    "flux_ratio": 0.022968971153042063,
    "F0_B": 0.0033331262408533625,
    "F0_S1": 0.002266136630555937,
    "F0_S2": 0.0016545996552253237
  },
  "uncertainty_method": "fisher_matrix",
  "confidence_level": 0.68,
  "physical_parameters": null,
  "physical_parameter_uncertainties": null,
  "log_likelihood": -3844.528826101664,
  "relative_probability": 1.0,
  "n_data_points": 5138,
  "creation_timestamp": "2026-06-27T02:49:45.154012"
}