{
  "solution_id": "90a07a7a-e5d5-4b5b-aa2b-26e768721856",
  "model_type": "1S1L",
  "bands": [
    "0"
  ],
  "higher_order_effects": [
    "finite-source"
  ],
  "t_ref": null,
  "parameters": {
    "t0": 2462774.1535900766,
    "u0": 0.044025898157086116,
    "tE": 5.248422612111313,
    "rho": 0.0009779224246545062,
    "F0_S": 0.12395374538560688,
    "F0_B": 1.1731995533309227
  },
  "is_active": true,
  "alias": "FSPL__results_optax_results",
  "compute_info": {},
  "hardware_info": null,
  "posterior_path": null,
  "lightcurve_plot_path": null,
  "lens_plane_plot_path": null,
  "notes_path": "events/RMDC26_000129/solutions/90a07a7a-e5d5-4b5b-aa2b-26e768721856.md",
  "used_astrometry": false,
  "used_postage_stamps": false,
  "limb_darkening_model": null,
  "limb_darkening_coeffs": null,
  "parameter_uncertainties": {
    "t0": 0.0010751288122280167,
    "tE": 0.35451179822093865,
    "u0": 0.37542394362919035,
    "rho": 67.39521466698731,
    "F0_S": 0.009036780831404502,
    "F0_B": 0.005367260476171468
  },
  "uncertainty_method": "fisher_matrix",
  "confidence_level": 0.68,
  "physical_parameters": null,
  "physical_parameter_uncertainties": null,
  "log_likelihood": -596.196106527231,
  "relative_probability": 0.4142572950383597,
  "n_data_points": 1280,
  "creation_timestamp": "2026-06-27T02:49:45.012301"
}