{
  "solution_id": "71ab4a7b-418e-4f22-8d4a-486d732bdd22",
  "model_type": "2S1L",
  "bands": [
    "0"
  ],
  "higher_order_effects": [],
  "t_ref": null,
  "parameters": {
    "t0": 2463130.3506025923,
    "u0": 0.03150818403369502,
    "tE": 19.35743795637121,
    "t0_source2": 2463113.053707206,
    "u0_source2": 0.8381033140260847,
    "flux_ratio": 1.8667910957863638,
    "F0_S1": 0.038722824317960876,
    "F0_S2": 0.07228742364046906,
    "F0_B": 2.2027972344072237
  },
  "is_active": true,
  "alias": "BSPL__results_optax_results",
  "compute_info": {},
  "hardware_info": null,
  "posterior_path": null,
  "lightcurve_plot_path": null,
  "lens_plane_plot_path": null,
  "notes_path": "events/RMDC26_000135/solutions/71ab4a7b-418e-4f22-8d4a-486d732bdd22.md",
  "used_astrometry": false,
  "used_postage_stamps": false,
  "limb_darkening_model": null,
  "limb_darkening_coeffs": null,
  "parameter_uncertainties": {
    "t0": 27.253873282224294,
    "t0_source2": 28545.776322580732,
    "tE": 38818.612671247196,
    "u0": 65.40623875281672,
    "u0_source2": 3367.6237727975576,
    "flux_ratio": 17303.108918199156,
    "F0_B": 976.3765351773357,
    "F0_S1": 82.48166432091641,
    "F0_S2": 715.4802697780566
  },
  "uncertainty_method": "fisher_matrix",
  "confidence_level": 0.68,
  "physical_parameters": null,
  "physical_parameter_uncertainties": null,
  "log_likelihood": -2292.1812361024913,
  "relative_probability": 1.0,
  "n_data_points": 4453,
  "creation_timestamp": "2026-06-27T02:49:45.061236"
}