{
  "solution_id": "baca4306-8f8a-414b-807f-0be7bc8dd811",
  "model_type": "1S1L",
  "bands": [
    "0"
  ],
  "higher_order_effects": [
    "finite-source"
  ],
  "t_ref": null,
  "parameters": {
    "t0": 2462916.7288421607,
    "u0": 0.0513831445511894,
    "tE": 32.834809603402356,
    "rho": 0.000979212139117315,
    "F0_S": 0.08205631165200762,
    "F0_B": 6.7862041441165
  },
  "is_active": true,
  "alias": "FSPL__results_optax_results",
  "compute_info": {},
  "hardware_info": null,
  "posterior_path": null,
  "lightcurve_plot_path": null,
  "lens_plane_plot_path": null,
  "notes_path": "events/RMDC26_000115/solutions/baca4306-8f8a-414b-807f-0be7bc8dd811.md",
  "used_astrometry": false,
  "used_postage_stamps": false,
  "limb_darkening_model": null,
  "limb_darkening_coeffs": null,
  "parameter_uncertainties": {
    "t0": 65.67034579894586,
    "tE": 1009613.9669133853,
    "u0": 1734.1920776181032,
    "rho": 0.0024323009419123234,
    "F0_S": 2815.302023859278,
    "F0_B": 1789.0178513915062
  },
  "uncertainty_method": "fisher_matrix",
  "confidence_level": 0.68,
  "physical_parameters": null,
  "physical_parameter_uncertainties": null,
  "log_likelihood": -3140.289687496164,
  "relative_probability": 0.27074133167313214,
  "n_data_points": 4296,
  "creation_timestamp": "2026-06-27T02:49:44.839687"
}