{
  "solution_id": "f481c179-2841-4a8a-9b56-496aed96b561",
  "model_type": "2S1L",
  "bands": [
    "0"
  ],
  "higher_order_effects": [],
  "t_ref": null,
  "parameters": {
    "t0": 2462664.683771331,
    "u0": -3.357190697070662,
    "tE": 77.64358473771152,
    "t0_source2": 2462795.735305055,
    "u0_source2": 0.21817447859132647,
    "flux_ratio": 1.079739040927733,
    "F0_S1": 0.03334347263414503,
    "F0_S2": 0.036002249163191856,
    "F0_B": 3.189129478977749
  },
  "is_active": true,
  "alias": "BSPL__results_optax_results",
  "compute_info": {},
  "hardware_info": null,
  "posterior_path": null,
  "lightcurve_plot_path": null,
  "lens_plane_plot_path": null,
  "notes_path": "events/RMDC26_000075/solutions/f481c179-2841-4a8a-9b56-496aed96b561.md",
  "used_astrometry": false,
  "used_postage_stamps": false,
  "limb_darkening_model": null,
  "limb_darkening_coeffs": null,
  "parameter_uncertainties": {
    "t0": 21125512869.48426,
    "t0_source2": 416927.5347444928,
    "tE": 124412.66607164385,
    "u0": 35.28047192141231,
    "u0_source2": 578.6570760543824,
    "flux_ratio": 84.73613509864158,
    "F0_B": 17547.02290736324,
    "F0_S1": 1957.4083351045385,
    "F0_S2": 2116.1917404236706
  },
  "uncertainty_method": "fisher_matrix",
  "confidence_level": 0.68,
  "physical_parameters": null,
  "physical_parameter_uncertainties": null,
  "log_likelihood": -1038.8563173590169,
  "relative_probability": 1.0,
  "n_data_points": 2026,
  "creation_timestamp": "2026-06-27T02:49:44.375218"
}