{
  "solution_id": "96b794af-8aaa-4ed3-b287-2e9031c6d87f",
  "model_type": "1S1L",
  "bands": [
    "0"
  ],
  "higher_order_effects": [
    "finite-source"
  ],
  "t_ref": null,
  "parameters": {
    "t0": 2462740.241529872,
    "u0": 0.5586880742685397,
    "tE": 8.077446261377025,
    "rho": 0.0009865773356679969,
    "F0_S": 0.520167771718429,
    "F0_B": 4.148853880225996
  },
  "is_active": true,
  "alias": "FSPL__results_optax_results",
  "compute_info": {},
  "hardware_info": null,
  "posterior_path": null,
  "lightcurve_plot_path": null,
  "lens_plane_plot_path": null,
  "notes_path": "events/RMDC26_000032/solutions/96b794af-8aaa-4ed3-b287-2e9031c6d87f.md",
  "used_astrometry": false,
  "used_postage_stamps": false,
  "limb_darkening_model": null,
  "limb_darkening_coeffs": null,
  "parameter_uncertainties": {
    "t0": 13.725340647003936,
    "tE": 60363.147699470064,
    "u0": 5307.727786674258,
    "rho": 0.05487313055576762,
    "F0_S": 7482.17418729831,
    "F0_B": 7047.203236030081
  },
  "uncertainty_method": "fisher_matrix",
  "confidence_level": 0.68,
  "physical_parameters": null,
  "physical_parameter_uncertainties": null,
  "log_likelihood": -1394.8572642217837,
  "relative_probability": 0.27077432746275887,
  "n_data_points": 2431,
  "creation_timestamp": "2026-06-27T02:49:43.864470"
}