{
  "solution_id": "d9ee118f-8e9a-4559-baeb-a34b4b4d2bf4",
  "model_type": "1S1L",
  "bands": [
    "0"
  ],
  "higher_order_effects": [
    "finite-source"
  ],
  "t_ref": null,
  "parameters": {
    "t0": 2461833.748554165,
    "u0": 0.01745706788283147,
    "tE": 5.320340381131756,
    "rho": 0.0009726082535409815,
    "F0_S": 0.25018862200178626,
    "F0_B": 3.123331049403429
  },
  "is_active": true,
  "alias": "FSPL__results_optax_results",
  "compute_info": {},
  "hardware_info": null,
  "posterior_path": null,
  "lightcurve_plot_path": null,
  "lens_plane_plot_path": null,
  "notes_path": "events/RMDC26_000040/solutions/d9ee118f-8e9a-4559-baeb-a34b4b4d2bf4.md",
  "used_astrometry": false,
  "used_postage_stamps": false,
  "limb_darkening_model": null,
  "limb_darkening_coeffs": null,
  "parameter_uncertainties": {
    "t0": 0.0075463613356176245,
    "tE": 0.11360858554357463,
    "u0": 0.9366927924683128,
    "rho": 67.08166791928765,
    "F0_S": 0.005611904119230747,
    "F0_B": 0.003481606817449871
  },
  "uncertainty_method": "fisher_matrix",
  "confidence_level": 0.68,
  "physical_parameters": null,
  "physical_parameter_uncertainties": null,
  "log_likelihood": -2064.4644865378905,
  "relative_probability": 1.0,
  "n_data_points": 1727,
  "creation_timestamp": "2026-06-27T02:49:43.956622"
}