{
  "solution_id": "93b7d44f-4b71-4a50-87f1-da44a8816edf",
  "model_type": "2S1L",
  "bands": [
    "0"
  ],
  "higher_order_effects": [],
  "t_ref": null,
  "parameters": {
    "t0": 2461460.7830964713,
    "u0": 0.06263589729739949,
    "tE": 38.9381063873613,
    "t0_source2": 2461464.7392775076,
    "u0_source2": 0.055573067028024066,
    "flux_ratio": 0.5493308665816032,
    "F0_S1": 0.026005414741595526,
    "F0_S2": 0.01428557701581467,
    "F0_B": 6.091858964536202
  },
  "is_active": true,
  "alias": "BSPL__results_optax_results",
  "compute_info": {},
  "hardware_info": null,
  "posterior_path": null,
  "lightcurve_plot_path": null,
  "lens_plane_plot_path": null,
  "notes_path": "events/RMDC26_000034/solutions/93b7d44f-4b71-4a50-87f1-da44a8816edf.md",
  "used_astrometry": false,
  "used_postage_stamps": false,
  "limb_darkening_model": null,
  "limb_darkening_coeffs": null,
  "parameter_uncertainties": {
    "t0": 3809.388253451676,
    "t0_source2": 2920.979524603462,
    "tE": 1290886.5576166583,
    "u0": 2276.168612499441,
    "u0_source2": 2342.8471666368873,
    "flux_ratio": 959.8223001062488,
    "F0_B": 1144.9655507396128,
    "F0_S1": 987.9174484299264,
    "F0_S2": 580.8711666138123
  },
  "uncertainty_method": "fisher_matrix",
  "confidence_level": 0.68,
  "physical_parameters": null,
  "physical_parameter_uncertainties": null,
  "log_likelihood": -1678.1161103498084,
  "relative_probability": 1.0,
  "n_data_points": 3276,
  "creation_timestamp": "2026-06-27T02:49:43.893483"
}