{
  "solution_id": "28bff9e5-2866-4465-93d2-3fdc81069c4a",
  "model_type": "2S1L",
  "bands": [
    "0"
  ],
  "higher_order_effects": [
    "parallax"
  ],
  "t_ref": 2462749.516569063,
  "parameters": {
    "t0": 2462749.516569063,
    "u0": 0.004679571643510661,
    "tE": 4269.88461352228,
    "t0_source2": 2462723.1708947066,
    "u0_source2": 0.08168470479439466,
    "flux_ratio": 12.851707791918612,
    "piEN": 0.31116403655990815,
    "piEE": 0.48439856564031913,
    "t_ref": 2462749.516569063,
    "F0_S1": 0.02041599900080566,
    "F0_S2": 0.2623804534384567,
    "F0_B": 15.807525070902258
  },
  "is_active": true,
  "alias": "BSPL_plus_Parallax_plus_u0__results_optax_results",
  "compute_info": {},
  "hardware_info": null,
  "posterior_path": null,
  "lightcurve_plot_path": null,
  "lens_plane_plot_path": null,
  "notes_path": "events/RMDC26_000095/solutions/28bff9e5-2866-4465-93d2-3fdc81069c4a.md",
  "used_astrometry": false,
  "used_postage_stamps": false,
  "limb_darkening_model": null,
  "limb_darkening_coeffs": null,
  "parameter_uncertainties": {
    "t0": 24752404538.005497,
    "t0_source2": 17666091695.722466,
    "tE": 471574753.80648273,
    "u0": 220.97401000256232,
    "u0_source2": 3635.906950952477,
    "flux_ratio": 155292.7276821874,
    "piEN": 879.4252458066806,
    "piEE": 6747.4072713317155,
    "F0_B": 50511.95946819956,
    "F0_S1": 257.22663025307384,
    "F0_S2": 810.1380746949036
  },
  "uncertainty_method": "fisher_matrix",
  "confidence_level": 0.68,
  "physical_parameters": null,
  "physical_parameter_uncertainties": null,
  "log_likelihood": -193832.67918616522,
  "relative_probability": 0.5,
  "n_data_points": 11548,
  "creation_timestamp": "2026-06-27T02:49:44.611163"
}