{
  "solution_id": "97938c79-f420-4cd0-8013-6d417cc82baf",
  "model_type": "1S1L",
  "bands": [
    "0"
  ],
  "higher_order_effects": [
    "finite-source"
  ],
  "t_ref": null,
  "parameters": {
    "t0": 2462775.365133068,
    "u0": 0.5495729265131565,
    "tE": 15.076265376132032,
    "rho": 0.00013549784851553585,
    "F0_S": 0.25101799443653533,
    "F0_B": 4.545856227908991
  },
  "is_active": true,
  "alias": "FSPL__results_optax_results",
  "compute_info": {},
  "hardware_info": null,
  "posterior_path": null,
  "lightcurve_plot_path": null,
  "lens_plane_plot_path": null,
  "notes_path": "events/RMDC26_000126/solutions/97938c79-f420-4cd0-8013-6d417cc82baf.md",
  "used_astrometry": false,
  "used_postage_stamps": false,
  "limb_darkening_model": null,
  "limb_darkening_coeffs": null,
  "parameter_uncertainties": {
    "t0": 0.06824025515792628,
    "tE": 1.204757360678786,
    "u0": 0.045264254369784505,
    "rho": 12.001306806159832,
    "F0_S": 0.030109620317573277,
    "F0_B": 0.028044295691099532
  },
  "uncertainty_method": "fisher_matrix",
  "confidence_level": 0.68,
  "physical_parameters": null,
  "physical_parameter_uncertainties": null,
  "log_likelihood": -1921.4672875646227,
  "relative_probability": 0.2702363054567687,
  "n_data_points": 3867,
  "creation_timestamp": "2026-06-27T02:49:44.969972"
}