{
  "solution_id": "bda191dc-e909-4e81-94c1-e61817615e14",
  "model_type": "1S1L",
  "bands": [
    "0"
  ],
  "higher_order_effects": [
    "parallax"
  ],
  "t_ref": 2462778.1514600995,
  "parameters": {
    "t0": 2462778.1514600995,
    "u0": -0.05099188198457699,
    "tE": 14.869385111797216,
    "piEN": 0.1072302051710309,
    "piEE": 0.05220079075969968,
    "t_ref": 2462778.1514600995,
    "F0_S": 1.5532957923104145,
    "F0_B": 3.150186517593224
  },
  "is_active": true,
  "alias": "PSPL_plus_Parallax_minus_u0__results_optax_results",
  "compute_info": {},
  "hardware_info": null,
  "posterior_path": null,
  "lightcurve_plot_path": null,
  "lens_plane_plot_path": null,
  "notes_path": "events/RMDC26_000053/solutions/bda191dc-e909-4e81-94c1-e61817615e14.md",
  "used_astrometry": false,
  "used_postage_stamps": false,
  "limb_darkening_model": null,
  "limb_darkening_coeffs": null,
  "parameter_uncertainties": {
    "t0": 0.0005940016887389513,
    "tE": 0.06531058803634959,
    "u0": 0.0002586060893857745,
    "piEN": 0.13389633497099943,
    "piEE": 0.03149460297740191,
    "F0_S": 0.007934237780863475,
    "F0_B": 0.0063364665081181715
  },
  "uncertainty_method": "fisher_matrix",
  "confidence_level": 0.68,
  "physical_parameters": null,
  "physical_parameter_uncertainties": null,
  "log_likelihood": -87069.70907659036,
  "relative_probability": 0.30936354717290115,
  "n_data_points": 6372,
  "creation_timestamp": "2026-06-27T02:49:44.081634"
}