{
  "solution_id": "fc69977d-fbf6-451b-8ea8-0924582415d3",
  "model_type": "1S1L",
  "bands": [
    "0"
  ],
  "higher_order_effects": [
    "finite-source"
  ],
  "t_ref": null,
  "parameters": {
    "t0": 2461647.2777888756,
    "u0": 2.5060408117823223,
    "tE": 3.0643156995263507,
    "rho": 0.0011037000212607707,
    "F0_S": 8.471925081642036,
    "F0_B": 10.842625716655196
  },
  "is_active": true,
  "alias": "FSPL__results_optax_results",
  "compute_info": {},
  "hardware_info": null,
  "posterior_path": null,
  "lightcurve_plot_path": null,
  "lens_plane_plot_path": null,
  "notes_path": "events/RMDC26_000064/solutions/fc69977d-fbf6-451b-8ea8-0924582415d3.md",
  "used_astrometry": false,
  "used_postage_stamps": false,
  "limb_darkening_model": null,
  "limb_darkening_coeffs": null,
  "parameter_uncertainties": {
    "t0": 127.80637879452696,
    "tE": 20153.518331382256,
    "u0": 15287.660177920076,
    "rho": 0.10794551784114602,
    "F0_S": 155385.46610219573,
    "F0_B": 155011.5763352893
  },
  "uncertainty_method": "fisher_matrix",
  "confidence_level": 0.68,
  "physical_parameters": null,
  "physical_parameter_uncertainties": null,
  "log_likelihood": -1130.2562586886852,
  "relative_probability": 0.27160036529785053,
  "n_data_points": 2294,
  "creation_timestamp": "2026-06-27T02:49:44.237562"
}