{
  "solution_id": "7917f398-6113-4fde-97c1-60723287ac6d",
  "model_type": "1S1L",
  "bands": [
    "0"
  ],
  "higher_order_effects": [],
  "t_ref": null,
  "parameters": {
    "t0": 2461693.11789194,
    "u0": 0.6652877338708266,
    "tE": 9.87744378190645,
    "F0_S": 5.027048055572863,
    "F0_B": 116.29693205257755
  },
  "is_active": true,
  "alias": "PSPL__results_optax_results",
  "compute_info": {},
  "hardware_info": null,
  "posterior_path": null,
  "lightcurve_plot_path": null,
  "lens_plane_plot_path": null,
  "notes_path": "events/RMDC26_000050/solutions/7917f398-6113-4fde-97c1-60723287ac6d.md",
  "used_astrometry": false,
  "used_postage_stamps": false,
  "limb_darkening_model": null,
  "limb_darkening_coeffs": null,
  "parameter_uncertainties": {
    "t0": 0.01931618737895714,
    "tE": 0.2885913239533207,
    "u0": 0.026594404549202595,
    "F0_S": 0.3366567637933346,
    "F0_B": 0.3309416968129135
  },
  "uncertainty_method": "fisher_matrix",
  "confidence_level": 0.68,
  "physical_parameters": null,
  "physical_parameter_uncertainties": null,
  "log_likelihood": -2447.4655410356436,
  "relative_probability": 0.42041632854770306,
  "n_data_points": 3922,
  "creation_timestamp": "2026-06-27T02:49:44.039007"
}