{
  "solution_id": "cd907550-bdc3-47f2-8fd7-8078bcb04e34",
  "model_type": "1S1L",
  "bands": [
    "0"
  ],
  "higher_order_effects": [
    "finite-source"
  ],
  "t_ref": null,
  "parameters": {
    "t0": 2461693.1177407987,
    "u0": 0.6607679071487844,
    "tE": 9.925590473537218,
    "rho": 0.0009960948739572608,
    "F0_S": 4.969676065034149,
    "F0_B": 116.35506995692882
  },
  "is_active": true,
  "alias": "FSPL__results_optax_results",
  "compute_info": {},
  "hardware_info": null,
  "posterior_path": null,
  "lightcurve_plot_path": null,
  "lens_plane_plot_path": null,
  "notes_path": "events/RMDC26_000050/solutions/cd907550-bdc3-47f2-8fd7-8078bcb04e34.md",
  "used_astrometry": false,
  "used_postage_stamps": false,
  "limb_darkening_model": null,
  "limb_darkening_coeffs": null,
  "parameter_uncertainties": {
    "t0": 0.05564196473454917,
    "tE": 0.21582437619761602,
    "u0": 0.019604168511518777,
    "rho": 68.46521430402962,
    "F0_S": 0.2467461935160986,
    "F0_B": 0.2665115096313622
  },
  "uncertainty_method": "fisher_matrix",
  "confidence_level": 0.68,
  "physical_parameters": null,
  "physical_parameter_uncertainties": null,
  "log_likelihood": -2447.377249578152,
  "relative_probability": 0.16893887046156425,
  "n_data_points": 3922,
  "creation_timestamp": "2026-06-27T02:49:44.059467"
}