{
  "solution_id": "2e98c151-a263-4b13-8b56-855b8ca2d9f9",
  "model_type": "2S1L",
  "bands": [
    "0"
  ],
  "higher_order_effects": [],
  "t_ref": null,
  "parameters": {
    "t0": 2463139.8791467897,
    "u0": 0.024581901498401056,
    "tE": 172.12960222016247,
    "t0_source2": 2463135.036328854,
    "u0_source2": 0.1415514265700981,
    "flux_ratio": 12.19803917652282,
    "F0_S1": 0.003985448993671532,
    "F0_S2": 0.0486146629608388,
    "F0_B": 3.043190932767855
  },
  "is_active": true,
  "alias": "BSPL__results_optax_results",
  "compute_info": {},
  "hardware_info": null,
  "posterior_path": null,
  "lightcurve_plot_path": null,
  "lens_plane_plot_path": null,
  "notes_path": "events/RMDC26_000134/solutions/2e98c151-a263-4b13-8b56-855b8ca2d9f9.md",
  "used_astrometry": false,
  "used_postage_stamps": false,
  "limb_darkening_model": null,
  "limb_darkening_coeffs": null,
  "parameter_uncertainties": {
    "t0": 28754.98846690347,
    "t0_source2": 173001.38696876285,
    "tE": 412262.52671773697,
    "u0": 904.6262378192265,
    "u0_source2": 6923.1837164518265,
    "flux_ratio": 40546.98908324166,
    "F0_B": 13463.750535622285,
    "F0_S1": 271.57144442116055,
    "F0_S2": 3462.9967618204923
  },
  "uncertainty_method": "fisher_matrix",
  "confidence_level": 0.68,
  "physical_parameters": null,
  "physical_parameter_uncertainties": null,
  "log_likelihood": -2082.3520614276576,
  "relative_probability": 1.0,
  "n_data_points": 4035,
  "creation_timestamp": "2026-06-27T02:49:45.054234"
}