{
  "solution_id": "a56e73ea-e53c-4b8e-8630-54decc8396d5",
  "model_type": "1S1L",
  "bands": [
    "0"
  ],
  "higher_order_effects": [
    "finite-source"
  ],
  "t_ref": null,
  "parameters": {
    "t0": 2463106.487255098,
    "u0": 0.10587199807792139,
    "tE": 12.349863967624502,
    "rho": 0.0009676262260251839,
    "F0_S": 0.40301890530331125,
    "F0_B": 10.014854930661205
  },
  "is_active": true,
  "alias": "FSPL__results_optax_results",
  "compute_info": {},
  "hardware_info": null,
  "posterior_path": null,
  "lightcurve_plot_path": null,
  "lens_plane_plot_path": null,
  "notes_path": "events/RMDC26_000128/solutions/a56e73ea-e53c-4b8e-8630-54decc8396d5.md",
  "used_astrometry": false,
  "used_postage_stamps": false,
  "limb_darkening_model": null,
  "limb_darkening_coeffs": null,
  "parameter_uncertainties": {
    "t0": 9.039451468032606,
    "tE": 202926.17562872724,
    "u0": 1975.831446374552,
    "rho": 0.00651406576490765,
    "F0_S": 7952.125521546234,
    "F0_B": 5805.977059751621
  },
  "uncertainty_method": "fisher_matrix",
  "confidence_level": 0.68,
  "physical_parameters": null,
  "physical_parameter_uncertainties": null,
  "log_likelihood": -1828.3596904865353,
  "relative_probability": 0.2705705657811103,
  "n_data_points": 3477,
  "creation_timestamp": "2026-06-27T02:49:44.997977"
}