{
  "solution_id": "bfc4c9a7-b330-4f24-9076-897652b85821",
  "model_type": "2S1L",
  "bands": [
    "0"
  ],
  "higher_order_effects": [
    "parallax"
  ],
  "t_ref": 2462928.844604471,
  "parameters": {
    "t0": 2462928.844604471,
    "u0": -0.008934828666294168,
    "tE": 101.89327058583709,
    "t0_source2": 2462928.907060666,
    "u0_source2": -0.006772403183039531,
    "flux_ratio": 0.5376429187536732,
    "piEN": -0.009863784287513142,
    "piEE": -0.04931070189042649,
    "t_ref": 2462928.844604471,
    "F0_S1": 4.255697908339411,
    "F0_S2": 2.2880458447735035,
    "F0_B": 5.424949048218241
  },
  "is_active": true,
  "alias": "BSPL_plus_Parallax_minus_u0__results_optax_results",
  "compute_info": {},
  "hardware_info": null,
  "posterior_path": null,
  "lightcurve_plot_path": null,
  "lens_plane_plot_path": null,
  "notes_path": "events/RMDC26_000119/solutions/bfc4c9a7-b330-4f24-9076-897652b85821.md",
  "used_astrometry": false,
  "used_postage_stamps": false,
  "limb_darkening_model": null,
  "limb_darkening_coeffs": null,
  "parameter_uncertainties": {
    "t0": 211.59870922244625,
    "t0_source2": 148.50851626264904,
    "tE": 3605.5172865090553,
    "u0": 13.301984682103045,
    "u0_source2": 5.856524748813417,
    "flux_ratio": 5342.5452256403505,
    "piEN": 1.1509521027157215,
    "piEE": 1.2853425061635118,
    "F0_B": 63.33129903231156,
    "F0_S1": 14785.687444757714,
    "F0_S2": 27502.73797967377
  },
  "uncertainty_method": "fisher_matrix",
  "confidence_level": 0.68,
  "physical_parameters": null,
  "physical_parameter_uncertainties": null,
  "log_likelihood": -20638.00378290824,
  "relative_probability": 0.5,
  "n_data_points": 23107,
  "creation_timestamp": "2026-06-27T02:49:44.875760"
}