{
  "solution_id": "fc90909b-75a1-4c8b-ad5f-36f0ae795e3d",
  "model_type": "2S1L",
  "bands": [
    "0"
  ],
  "higher_order_effects": [],
  "t_ref": null,
  "parameters": {
    "t0": 2463146.451549358,
    "u0": 0.43452347087373006,
    "tE": 0.9435984847546445,
    "t0_source2": 2463146.392264604,
    "u0_source2": 1.2640112891615813,
    "flux_ratio": 3.8406618639519157,
    "F0_S1": 1.1079771645188594,
    "F0_S2": 4.255365641897161,
    "F0_B": -0.9636018532010607
  },
  "is_active": true,
  "alias": "BSPL__results_optax_results",
  "compute_info": {},
  "hardware_info": null,
  "posterior_path": null,
  "lightcurve_plot_path": null,
  "lens_plane_plot_path": null,
  "notes_path": "events/RMDC26_000036/solutions/fc90909b-75a1-4c8b-ad5f-36f0ae795e3d.md",
  "used_astrometry": false,
  "used_postage_stamps": false,
  "limb_darkening_model": null,
  "limb_darkening_coeffs": null,
  "parameter_uncertainties": {
    "t0": 0.0029958393774585823,
    "t0_source2": 0.012888955363976185,
    "tE": 0.023082234693856035,
    "u0": 0.013629831580486522,
    "u0_source2": 0.062127944852802555,
    "flux_ratio": 0.6368408202083722,
    "F0_B": 0.14015218966932722,
    "F0_S1": 0.1351021891549458,
    "F0_S2": 0.13340349394170367
  },
  "uncertainty_method": "fisher_matrix",
  "confidence_level": 0.68,
  "physical_parameters": null,
  "physical_parameter_uncertainties": null,
  "log_likelihood": -2512.8312520818067,
  "relative_probability": 1.0,
  "n_data_points": 782,
  "creation_timestamp": "2026-06-27T02:49:43.906445"
}