{
  "solution_id": "219de53d-c4db-4c84-8e59-9b005de5f7df",
  "model_type": "1S1L",
  "bands": [
    "0"
  ],
  "higher_order_effects": [],
  "t_ref": null,
  "parameters": {
    "t0": 2462735.348262689,
    "u0": 0.541586979787872,
    "tE": 4.302941621165974,
    "F0_S": 0.2927160369802525,
    "F0_B": 3.3249934879323164
  },
  "is_active": true,
  "alias": "PSPL__results_optax_results",
  "compute_info": {},
  "hardware_info": null,
  "posterior_path": null,
  "lightcurve_plot_path": null,
  "lens_plane_plot_path": null,
  "notes_path": "events/RMDC26_000125/solutions/219de53d-c4db-4c84-8e59-9b005de5f7df.md",
  "used_astrometry": false,
  "used_postage_stamps": false,
  "limb_darkening_model": null,
  "limb_darkening_coeffs": null,
  "parameter_uncertainties": {
    "t0": 0.021472396378317448,
    "tE": 0.9388451130390973,
    "u0": 0.16090598660824337,
    "F0_S": 0.13260939288031556,
    "F0_B": 0.1281240697966775
  },
  "uncertainty_method": "fisher_matrix",
  "confidence_level": 0.68,
  "physical_parameters": null,
  "physical_parameter_uncertainties": null,
  "log_likelihood": -875.7943954003009,
  "relative_probability": 1.0,
  "n_data_points": 1732,
  "creation_timestamp": "2026-06-27T02:49:44.953260"
}