{
  "solution_id": "c89d9cb4-3d9d-4a77-91c6-2f49f9cf3ae7",
  "model_type": "2S1L",
  "bands": [
    "0"
  ],
  "higher_order_effects": [],
  "t_ref": null,
  "parameters": {
    "t0": 2461499.8481718106,
    "u0": 0.31764488617007425,
    "tE": 7.884523520653182,
    "t0_source2": 2461495.9664754365,
    "u0_source2": 1.2459179661727857,
    "flux_ratio": 4.108571590578842,
    "F0_S1": 0.14264184868857027,
    "F0_S2": 0.5860542471495058,
    "F0_B": 2.0385882582828625
  },
  "is_active": true,
  "alias": "BSPL__results_optax_results",
  "compute_info": {},
  "hardware_info": null,
  "posterior_path": null,
  "lightcurve_plot_path": null,
  "lens_plane_plot_path": null,
  "notes_path": "events/RMDC26_000180/solutions/c89d9cb4-3d9d-4a77-91c6-2f49f9cf3ae7.md",
  "used_astrometry": false,
  "used_postage_stamps": false,
  "limb_darkening_model": null,
  "limb_darkening_coeffs": null,
  "parameter_uncertainties": {
    "t0": 0.053130895170711526,
    "t0_source2": 0.42315365503637997,
    "tE": 0.5701185730782009,
    "u0": 0.035359669198361546,
    "u0_source2": 0.07525295356867111,
    "flux_ratio": 0.7082139085717932,
    "F0_B": 0.07467422843677152,
    "F0_S1": 0.023155967777871284,
    "F0_S2": 0.06191043911681359
  },
  "uncertainty_method": "fisher_matrix",
  "confidence_level": 0.68,
  "physical_parameters": null,
  "physical_parameter_uncertainties": null,
  "log_likelihood": -1987.4280716278686,
  "relative_probability": 1.0,
  "n_data_points": 3897,
  "creation_timestamp": "2026-06-27T02:49:45.473015"
}