{
  "solution_id": "1823c03d-0061-4147-b1c5-0a1325902e83",
  "model_type": "1S1L",
  "bands": [
    "0"
  ],
  "higher_order_effects": [
    "parallax"
  ],
  "t_ref": 2461861.497410927,
  "parameters": {
    "t0": 2461861.497410927,
    "u0": -0.05458910908492346,
    "tE": 1.4782652233937326,
    "piEN": -0.00006086707743762454,
    "piEE": 0.0003001385172738571,
    "t_ref": 2461861.497410927,
    "F0_S": 0.2777140774478612,
    "F0_B": 4.9461994990924065
  },
  "is_active": true,
  "alias": "PSPL_plus_Parallax_plus_u0__results_optax_results",
  "compute_info": {},
  "hardware_info": null,
  "posterior_path": null,
  "lightcurve_plot_path": null,
  "lens_plane_plot_path": null,
  "notes_path": "events/RMDC26_000083/solutions/1823c03d-0061-4147-b1c5-0a1325902e83.md",
  "used_astrometry": false,
  "used_postage_stamps": false,
  "limb_darkening_model": null,
  "limb_darkening_coeffs": null,
  "parameter_uncertainties": {
    "t0": 0.0011271812168924765,
    "tE": 0.22064148575900294,
    "u0": 0.009807815737427056,
    "piEN": 0.1491686845039524,
    "piEE": 0.14916838546564298,
    "F0_S": 0.05167216111229563,
    "F0_B": 0.05142158628967216
  },
  "uncertainty_method": "fisher_matrix",
  "confidence_level": 0.68,
  "physical_parameters": null,
  "physical_parameter_uncertainties": null,
  "log_likelihood": -9476.49602972466,
  "relative_probability": 1.0,
  "n_data_points": 18802,
  "creation_timestamp": "2026-06-27T02:49:44.485967"
}