{
  "solution_id": "69c752bd-1070-4d65-b2ee-9ecee491e872",
  "model_type": "1S1L",
  "bands": [
    "0"
  ],
  "higher_order_effects": [],
  "t_ref": null,
  "parameters": {
    "t0": 2462780.2316599386,
    "u0": 1.583761957781896,
    "tE": 5.896407411367026,
    "F0_S": 34.174075135401516,
    "F0_B": 0.04056210718500899
  },
  "is_active": true,
  "alias": "PSPL__results_optax_results",
  "compute_info": {},
  "hardware_info": null,
  "posterior_path": null,
  "lightcurve_plot_path": null,
  "lens_plane_plot_path": null,
  "notes_path": "events/RMDC26_000081/solutions/69c752bd-1070-4d65-b2ee-9ecee491e872.md",
  "used_astrometry": false,
  "used_postage_stamps": false,
  "limb_darkening_model": null,
  "limb_darkening_coeffs": null,
  "parameter_uncertainties": {
    "t0": 0.009409729724793894,
    "tE": 0.08173821260628596,
    "u0": 0.029430785030352156,
    "F0_S": 1.6563229761642553,
    "F0_B": 1.6555139048715128
  },
  "uncertainty_method": "fisher_matrix",
  "confidence_level": 0.68,
  "physical_parameters": null,
  "physical_parameter_uncertainties": null,
  "log_likelihood": -2664.8114042114435,
  "relative_probability": 0.3365896031787695,
  "n_data_points": 5197,
  "creation_timestamp": "2026-06-27T02:49:44.449714"
}