{
  "solution_id": "6b20df72-e5ff-46e1-b1a9-409dbde51d02",
  "model_type": "1S1L",
  "bands": [
    "0"
  ],
  "higher_order_effects": [],
  "t_ref": null,
  "parameters": {
    "t0": 2461841.7630372033,
    "u0": 0.13132841036581822,
    "tE": 7.559612764623168,
    "F0_S": 0.3004186806352204,
    "F0_B": 8.676242165595257
  },
  "is_active": true,
  "alias": "PSPL__results_optax_results",
  "compute_info": {},
  "hardware_info": null,
  "posterior_path": null,
  "lightcurve_plot_path": null,
  "lens_plane_plot_path": null,
  "notes_path": "events/RMDC26_000087/solutions/6b20df72-e5ff-46e1-b1a9-409dbde51d02.md",
  "used_astrometry": false,
  "used_postage_stamps": false,
  "limb_darkening_model": null,
  "limb_darkening_coeffs": null,
  "parameter_uncertainties": {
    "t0": 0.003466343532916937,
    "tE": 0.5014190255004386,
    "u0": 0.010076798884592484,
    "F0_S": 0.024907955203566663,
    "F0_B": 0.019372853793120284
  },
  "uncertainty_method": "fisher_matrix",
  "confidence_level": 0.68,
  "physical_parameters": null,
  "physical_parameter_uncertainties": null,
  "log_likelihood": -1274.6432157921831,
  "relative_probability": 0.7292611861746056,
  "n_data_points": 2405,
  "creation_timestamp": "2026-06-27T02:49:44.538539"
}