{
  "solution_id": "cb2fb74e-076d-48af-adef-9637e6179df9",
  "model_type": "2S1L",
  "bands": [
    "0"
  ],
  "higher_order_effects": [],
  "t_ref": null,
  "parameters": {
    "t0": 2461817.9470549426,
    "u0": 2.2257954435187335,
    "tE": 3.336143837406013,
    "t0_source2": 2461838.1656658174,
    "u0_source2": 0.11014122256749732,
    "flux_ratio": 0.005782380250891674,
    "F0_S1": 6.456870205505107,
    "F0_S2": 0.03733607875888359,
    "F0_B": -3.03075804002569
  },
  "is_active": true,
  "alias": "BSPL__results_optax_results",
  "compute_info": {},
  "hardware_info": null,
  "posterior_path": null,
  "lightcurve_plot_path": null,
  "lens_plane_plot_path": null,
  "notes_path": "events/RMDC26_000136/solutions/cb2fb74e-076d-48af-adef-9637e6179df9.md",
  "used_astrometry": false,
  "used_postage_stamps": false,
  "limb_darkening_model": null,
  "limb_darkening_coeffs": null,
  "parameter_uncertainties": {
    "t0": 0.0452594749354654,
    "t0_source2": 0.012210271774432341,
    "tE": 0.1336600138388866,
    "u0": 0.0939742916133408,
    "u0_source2": 0.00695027367630431,
    "flux_ratio": 0.0005159307209579572,
    "F0_B": 0.8197785851273803,
    "F0_S1": 0.8184787066609573,
    "F0_S2": 0.5685347301827133
  },
  "uncertainty_method": "fisher_matrix",
  "confidence_level": 0.68,
  "physical_parameters": null,
  "physical_parameter_uncertainties": null,
  "log_likelihood": -1417.5273807481042,
  "relative_probability": 1.0,
  "n_data_points": 2925,
  "creation_timestamp": "2026-06-27T02:49:45.068167"
}