{
  "solution_id": "aa10e2a6-cbfa-41c7-af8d-e596667fd593",
  "model_type": "2S1L",
  "bands": [
    "0"
  ],
  "higher_order_effects": [],
  "t_ref": null,
  "parameters": {
    "t0": 2462777.283103758,
    "u0": 0.18996659375570307,
    "tE": 14.450821958679644,
    "t0_source2": 2462779.438252823,
    "u0_source2": 0.35779416590951724,
    "flux_ratio": 0.38048775689782627,
    "F0_S1": 0.7178003418202278,
    "F0_S2": 0.27311424195967143,
    "F0_B": 4.0458070430535855
  },
  "is_active": true,
  "alias": "BSPL__results_optax_results",
  "compute_info": {},
  "hardware_info": null,
  "posterior_path": null,
  "lightcurve_plot_path": null,
  "lens_plane_plot_path": null,
  "notes_path": "events/RMDC26_000117/solutions/aa10e2a6-cbfa-41c7-af8d-e596667fd593.md",
  "used_astrometry": false,
  "used_postage_stamps": false,
  "limb_darkening_model": null,
  "limb_darkening_coeffs": null,
  "parameter_uncertainties": {
    "t0": 2015.2366953081494,
    "t0_source2": 1249.056549665217,
    "tE": 58413.82714901412,
    "u0": 972.7222490828328,
    "u0_source2": 4172.794440857802,
    "flux_ratio": 1504.0261333102203,
    "F0_B": 7365.402841400785,
    "F0_S1": 4771.02095487702,
    "F0_S2": 4168.220049604443
  },
  "uncertainty_method": "fisher_matrix",
  "confidence_level": 0.68,
  "physical_parameters": null,
  "physical_parameter_uncertainties": null,
  "log_likelihood": -3826.504080063927,
  "relative_probability": 1.0,
  "n_data_points": 7391,
  "creation_timestamp": "2026-06-27T02:49:44.853894"
}