{
  "solution_id": "a6765429-8d06-4103-9ae4-766dccf057b3",
  "model_type": "2S1L",
  "bands": [
    "0"
  ],
  "higher_order_effects": [],
  "t_ref": null,
  "parameters": {
    "t0": 2462755.7238738104,
    "u0": -0.0031600976497634966,
    "tE": 18.507069578877246,
    "t0_source2": 2462755.6627002563,
    "u0_source2": -0.014047629145151338,
    "flux_ratio": 17.507779424777254,
    "F0_S1": 0.01096530573346706,
    "F0_S2": 0.19197815410678662,
    "F0_B": 1.2865391155350372
  },
  "is_active": true,
  "alias": "BSPL__results_optax_results",
  "compute_info": {},
  "hardware_info": null,
  "posterior_path": null,
  "lightcurve_plot_path": null,
  "lens_plane_plot_path": null,
  "notes_path": "events/RMDC26_000011/solutions/a6765429-8d06-4103-9ae4-766dccf057b3.md",
  "used_astrometry": false,
  "used_postage_stamps": false,
  "limb_darkening_model": null,
  "limb_darkening_coeffs": null,
  "parameter_uncertainties": {
    "t0": 0.0012578749856898223,
    "t0_source2": 0.0006756499852261743,
    "tE": 0.17792331342077383,
    "u0": 0.00011946785021715311,
    "u0_source2": 0.00014906489802337492,
    "flux_ratio": 0.9569803459557313,
    "F0_B": 0.0014444941645509234,
    "F0_S1": 0.0005777244446461901,
    "F0_S2": 0.0019185708754447192
  },
  "uncertainty_method": "fisher_matrix",
  "confidence_level": 0.68,
  "physical_parameters": null,
  "physical_parameter_uncertainties": null,
  "log_likelihood": -3138.54578103139,
  "relative_probability": 1.0,
  "n_data_points": 5668,
  "creation_timestamp": "2026-06-27T02:49:43.592208"
}