{
  "solution_id": "780392a1-810d-4f35-8036-15c97d64c57a",
  "model_type": "1S1L",
  "bands": [
    "0"
  ],
  "higher_order_effects": [
    "finite-source"
  ],
  "t_ref": null,
  "parameters": {
    "t0": 2461854.9438627255,
    "u0": 0.4118813480968478,
    "tE": 5.578042182107125,
    "rho": 0.0009942088957798523,
    "F0_S": 0.2422740678793819,
    "F0_B": 8.404044730154501
  },
  "is_active": true,
  "alias": "FSPL__results_optax_results",
  "compute_info": {},
  "hardware_info": null,
  "posterior_path": null,
  "lightcurve_plot_path": null,
  "lens_plane_plot_path": null,
  "notes_path": "events/RMDC26_000005/solutions/780392a1-810d-4f35-8036-15c97d64c57a.md",
  "used_astrometry": false,
  "used_postage_stamps": false,
  "limb_darkening_model": null,
  "limb_darkening_coeffs": null,
  "parameter_uncertainties": {
    "t0": 44.71314688875843,
    "tE": 59710.10019545538,
    "u0": 6011.844627401455,
    "rho": 0.04606416162532971,
    "F0_S": 4875.005276741761,
    "F0_B": 4630.199410933047
  },
  "uncertainty_method": "fisher_matrix",
  "confidence_level": 0.68,
  "physical_parameters": null,
  "physical_parameter_uncertainties": null,
  "log_likelihood": -2939.720650909636,
  "relative_probability": 0.27107879925894435,
  "n_data_points": 2203,
  "creation_timestamp": "2026-06-27T02:49:43.533214"
}