{
  "solution_id": "1c0195ab-3f96-4679-a9e1-2200d29c5c83",
  "model_type": "2S1L",
  "bands": [
    "0"
  ],
  "higher_order_effects": [],
  "t_ref": null,
  "parameters": {
    "t0": 2461876.9764922904,
    "u0": 0.037591969079730905,
    "tE": 12.493524899184917,
    "t0_source2": 2461877.593083739,
    "u0_source2": 0.03815259597609713,
    "flux_ratio": 0.8212063429144817,
    "F0_S1": 1.0751272558112845,
    "F0_S2": 0.8829013219124675,
    "F0_B": 6.136493616220743
  },
  "is_active": true,
  "alias": "BSPL__results_optax_results",
  "compute_info": {},
  "hardware_info": null,
  "posterior_path": null,
  "lightcurve_plot_path": null,
  "lens_plane_plot_path": null,
  "notes_path": "events/RMDC26_000096/solutions/1c0195ab-3f96-4679-a9e1-2200d29c5c83.md",
  "used_astrometry": false,
  "used_postage_stamps": false,
  "limb_darkening_model": null,
  "limb_darkening_coeffs": null,
  "parameter_uncertainties": {
    "t0": 0.0014195982458826007,
    "t0_source2": 0.001869092756951176,
    "tE": 0.05890397975026822,
    "u0": 0.0002456771814454615,
    "u0_source2": 0.0002765093379532606,
    "flux_ratio": 0.013578557990141554,
    "F0_B": 0.008927118303597837,
    "F0_S1": 0.009784800261063521,
    "F0_S2": 0.011139626914205782
  },
  "uncertainty_method": "fisher_matrix",
  "confidence_level": 0.68,
  "physical_parameters": null,
  "physical_parameter_uncertainties": null,
  "log_likelihood": -493830.69715721864,
  "relative_probability": 1.0,
  "n_data_points": 3931,
  "creation_timestamp": "2026-06-27T02:49:44.625801"
}