{
  "solution_id": "d500727b-afc6-4a7a-80e6-8d7c0ad64c8f",
  "model_type": "2S1L",
  "bands": [
    "0"
  ],
  "higher_order_effects": [],
  "t_ref": null,
  "parameters": {
    "t0": 2463128.8333685785,
    "u0": 0.1112109882481743,
    "tE": 32.46331309245895,
    "t0_source2": 2463161.9829030605,
    "u0_source2": 0.4980785050616698,
    "flux_ratio": 0.5152295433453992,
    "F0_S1": 0.5232742885034242,
    "F0_S2": 0.2696063727100079,
    "F0_B": 217.7059939844603
  },
  "is_active": true,
  "alias": "BSPL__results_optax_results",
  "compute_info": {},
  "hardware_info": null,
  "posterior_path": null,
  "lightcurve_plot_path": null,
  "lens_plane_plot_path": null,
  "notes_path": "events/RMDC26_000148/solutions/d500727b-afc6-4a7a-80e6-8d7c0ad64c8f.md",
  "used_astrometry": false,
  "used_postage_stamps": false,
  "limb_darkening_model": null,
  "limb_darkening_coeffs": null,
  "parameter_uncertainties": {
    "t0": 146.07438374985608,
    "t0_source2": 136467.95357432912,
    "tE": 317334.5866658205,
    "u0": 1198.169816278804,
    "u0_source2": 4233.063045896088,
    "flux_ratio": 5051.935033265841,
    "F0_B": 6619.8839880142405,
    "F0_S1": 6013.834673604498,
    "F0_S2": 4406.680234146882
  },
  "uncertainty_method": "fisher_matrix",
  "confidence_level": 0.68,
  "physical_parameters": null,
  "physical_parameter_uncertainties": null,
  "log_likelihood": -3843.930209694313,
  "relative_probability": 1.0,
  "n_data_points": 7597,
  "creation_timestamp": "2026-06-27T02:49:45.168134"
}