{
  "solution_id": "7284d89e-7138-4169-994d-8fba3a762640",
  "model_type": "2S1L",
  "bands": [
    "0"
  ],
  "higher_order_effects": [],
  "t_ref": null,
  "parameters": {
    "t0": 2462971.388313797,
    "u0": 0.6338510378897371,
    "tE": 35.48524222132611,
    "t0_source2": 2462972.6472301474,
    "u0_source2": 0.29513853359228714,
    "flux_ratio": 0.3801722228115549,
    "F0_S1": 6.114580541783479,
    "F0_S2": 2.3245936761301067,
    "F0_B": 0.5685042285579357
  },
  "is_active": true,
  "alias": "BSPL__results_optax_results",
  "compute_info": {},
  "hardware_info": null,
  "posterior_path": null,
  "lightcurve_plot_path": null,
  "lens_plane_plot_path": null,
  "notes_path": "events/RMDC26_000147/solutions/7284d89e-7138-4169-994d-8fba3a762640.md",
  "used_astrometry": false,
  "used_postage_stamps": false,
  "limb_darkening_model": null,
  "limb_darkening_coeffs": null,
  "parameter_uncertainties": {
    "t0": 202641.27053814032,
    "t0_source2": 68735.13812176869,
    "tE": 130068.11687312824,
    "u0": 980.449023047696,
    "u0_source2": 857.5019033473162,
    "flux_ratio": 3662.5454591290327,
    "F0_B": 1570.6389418082224,
    "F0_S1": 16029.07607697069,
    "F0_S2": 42756.076965759654
  },
  "uncertainty_method": "fisher_matrix",
  "confidence_level": 0.68,
  "physical_parameters": null,
  "physical_parameter_uncertainties": null,
  "log_likelihood": -6280.739558706069,
  "relative_probability": 1.0,
  "n_data_points": 12288,
  "creation_timestamp": "2026-06-27T02:49:45.161090"
}