{
  "solution_id": "1cadcf55-d764-43b4-a3be-108efd902c90",
  "model_type": "1S1L",
  "bands": [
    "0"
  ],
  "higher_order_effects": [],
  "t_ref": null,
  "parameters": {
    "t0": 2461491.443900771,
    "u0": 0.10227781688028403,
    "tE": 6.751930462100128,
    "F0_S": 0.8458942088541725,
    "F0_B": 7.788353989053984
  },
  "is_active": true,
  "alias": "PSPL__results_optax_results",
  "compute_info": {},
  "hardware_info": null,
  "posterior_path": null,
  "lightcurve_plot_path": null,
  "lens_plane_plot_path": null,
  "notes_path": "events/RMDC26_000114/solutions/1cadcf55-d764-43b4-a3be-108efd902c90.md",
  "used_astrometry": false,
  "used_postage_stamps": false,
  "limb_darkening_model": null,
  "limb_darkening_coeffs": null,
  "parameter_uncertainties": {
    "t0": 0.0010357466946362413,
    "tE": 0.0822337946313479,
    "u0": 0.0014842510294685982,
    "F0_S": 0.012952939200117735,
    "F0_B": 0.010848440429433361
  },
  "uncertainty_method": "fisher_matrix",
  "confidence_level": 0.68,
  "physical_parameters": null,
  "physical_parameter_uncertainties": null,
  "log_likelihood": -3237.221486204584,
  "relative_probability": 0.4455885178748683,
  "n_data_points": 3141,
  "creation_timestamp": "2026-06-27T02:49:44.824604"
}