{
  "solution_id": "f3cdc7fa-d1b7-4696-81c6-98c379190bff",
  "model_type": "1S1L",
  "bands": [
    "0"
  ],
  "higher_order_effects": [],
  "t_ref": null,
  "parameters": {
    "t0": 2461673.7953177947,
    "u0": 0.10774762315289851,
    "tE": 16.758797030935476,
    "F0_S": 0.33805927462506835,
    "F0_B": 2.075704041205775
  },
  "is_active": true,
  "alias": "PSPL__results_optax_results",
  "compute_info": {},
  "hardware_info": null,
  "posterior_path": null,
  "lightcurve_plot_path": null,
  "lens_plane_plot_path": null,
  "notes_path": "events/RMDC26_000131/solutions/f3cdc7fa-d1b7-4696-81c6-98c379190bff.md",
  "used_astrometry": false,
  "used_postage_stamps": false,
  "limb_darkening_model": null,
  "limb_darkening_coeffs": null,
  "parameter_uncertainties": {
    "t0": 0.004369481464152095,
    "tE": 1.6046137032776562,
    "u0": 0.011969065034453526,
    "F0_S": 0.0398467739187604,
    "F0_B": 0.03083989110477747
  },
  "uncertainty_method": "fisher_matrix",
  "confidence_level": 0.68,
  "physical_parameters": null,
  "physical_parameter_uncertainties": null,
  "log_likelihood": -3004.4903936239207,
  "relative_probability": 1.0,
  "n_data_points": 5924,
  "creation_timestamp": "2026-06-27T02:49:45.033120"
}