{
  "solution_id": "5d32436f-2520-45a8-9902-7235b05371df",
  "model_type": "2S1L",
  "bands": [
    "0"
  ],
  "higher_order_effects": [],
  "t_ref": null,
  "parameters": {
    "t0": 2462740.5352911428,
    "u0": 3.037193592107414,
    "tE": 0.4200532585249562,
    "t0_source2": 2462763.011290384,
    "u0_source2": 7.0723897338910975,
    "flux_ratio": 0.8600462779300712,
    "F0_S1": 14.266374124162201,
    "F0_S2": 12.269741965043579,
    "F0_B": -0.0038080100978296217
  },
  "is_active": true,
  "alias": "BSPL__results_optax_results",
  "compute_info": {},
  "hardware_info": null,
  "posterior_path": null,
  "lightcurve_plot_path": null,
  "lens_plane_plot_path": null,
  "notes_path": "events/RMDC26_000090/solutions/5d32436f-2520-45a8-9902-7235b05371df.md",
  "used_astrometry": false,
  "used_postage_stamps": false,
  "limb_darkening_model": null,
  "limb_darkening_coeffs": null,
  "parameter_uncertainties": {
    "t0": 0.05356942228330056,
    "t0_source2": 1.3708571812173738,
    "tE": 0.04778923226824741,
    "u0": 0.32821548885344165,
    "u0_source2": 2.2449867801490027,
    "flux_ratio": 0.653103114301206,
    "F0_B": 1.9423729194724624,
    "F0_S1": 5.114944461807717,
    "F0_S2": 5.89493258637949
  },
  "uncertainty_method": "fisher_matrix",
  "confidence_level": 0.68,
  "physical_parameters": null,
  "physical_parameter_uncertainties": null,
  "log_likelihood": -3113.136187629949,
  "relative_probability": 0.30958946991318237,
  "n_data_points": 6363,
  "creation_timestamp": "2026-06-27T02:49:44.567606"
}