{
  "solution_id": "40de002e-6cdc-4d11-8045-be04406e69b5",
  "model_type": "2S1L",
  "bands": [
    "0"
  ],
  "higher_order_effects": [],
  "t_ref": null,
  "parameters": {
    "t0": 2461495.176865225,
    "u0": 0.012775870514431728,
    "tE": 52.97710148005007,
    "t0_source2": 2461491.662311396,
    "u0_source2": 0.03683152758564504,
    "flux_ratio": 0.6758213086622533,
    "F0_S1": 0.016124631316424304,
    "F0_S2": 0.010897369437962226,
    "F0_B": 15.188658082689928
  },
  "is_active": true,
  "alias": "BSPL__results_optax_results",
  "compute_info": {},
  "hardware_info": null,
  "posterior_path": null,
  "lightcurve_plot_path": null,
  "lens_plane_plot_path": null,
  "notes_path": "events/RMDC26_000149/solutions/40de002e-6cdc-4d11-8045-be04406e69b5.md",
  "used_astrometry": false,
  "used_postage_stamps": false,
  "limb_darkening_model": null,
  "limb_darkening_coeffs": null,
  "parameter_uncertainties": {
    "t0": 34.73727486348181,
    "t0_source2": 2851.3528591770732,
    "tE": 944906.319544543,
    "u0": 212.82326063121351,
    "u0_source2": 960.917507258723,
    "flux_ratio": 5974.0530780339095,
    "F0_B": 366.75107319705864,
    "F0_S1": 268.97974753089034,
    "F0_S2": 305.68463086480324
  },
  "uncertainty_method": "fisher_matrix",
  "confidence_level": 0.68,
  "physical_parameters": null,
  "physical_parameter_uncertainties": null,
  "log_likelihood": -1833.9465043907514,
  "relative_probability": 1.0,
  "n_data_points": 3513,
  "creation_timestamp": "2026-06-27T02:49:45.175342"
}