{
  "solution_id": "07f31e5c-eb5c-43e5-9830-c03b4b75135e",
  "model_type": "1S1L",
  "bands": [
    "0"
  ],
  "higher_order_effects": [
    "finite-source"
  ],
  "t_ref": null,
  "parameters": {
    "t0": 2461657.866761956,
    "u0": 1.4580314340355887,
    "tE": 3.817964403476336,
    "rho": 0.0010450802874631324,
    "F0_S": 1.8216388283332934,
    "F0_B": 1.1216674578837162
  },
  "is_active": true,
  "alias": "FSPL__results_optax_results",
  "compute_info": {},
  "hardware_info": null,
  "posterior_path": null,
  "lightcurve_plot_path": null,
  "lens_plane_plot_path": null,
  "notes_path": "events/RMDC26_000066/solutions/07f31e5c-eb5c-43e5-9830-c03b4b75135e.md",
  "used_astrometry": false,
  "used_postage_stamps": false,
  "limb_darkening_model": null,
  "limb_darkening_coeffs": null,
  "parameter_uncertainties": {
    "t0": 0.031853454277355295,
    "tE": 0.1299556453177567,
    "u0": 0.05735382771461372,
    "rho": 0.312899967279087,
    "F0_S": 0.1803720990366162,
    "F0_B": 0.1805516989051341
  },
  "uncertainty_method": "fisher_matrix",
  "confidence_level": 0.68,
  "physical_parameters": null,
  "physical_parameter_uncertainties": null,
  "log_likelihood": -1163.5475700971092,
  "relative_probability": 0.2722262869270401,
  "n_data_points": 2356,
  "creation_timestamp": "2026-06-27T02:49:44.269406"
}